{
    "main_script": "webbViewer.js",
    "width": 4000,
    "height": 440,
    "resize": "proportional",
    "dependencies": [
        "./styles/styles.css"
    ],
    "animation": true,
    "title": "MeSH James Webb Telescope Viewer",
    "description": "Cave2 image viewer for images taken using the James Web Telescope.",
    "author": "MeSH - Ming Leong, Scott Green and Hugh Crossan",
    "license": "SAGE2-Software-License",
    "version": "0.3.0",
    "icon": "./images/meta/moon-stars-fill.png"
}